<?xml version="1.0" encoding="UTF-8"?>
<project-private xmlns="http://www.netbeans.org/ns/project-private/1">
    <editor-bookmarks xmlns="http://www.netbeans.org/ns/editor-bookmarks/2" lastBookmarkId="0"/>
    <open-files xmlns="http://www.netbeans.org/ns/projectui-open-files/2">
        <group>
            <file>file:/A:/Documentos/NetBeansProjects/Proyecto8/src/Ventanas/Bajas.java</file>
            <file>file:/A:/Documentos/NetBeansProjects/Proyecto8/src/Ventanas/Altas.java</file>
            <file>file:/A:/Documentos/NetBeansProjects/Proyecto8/src/Ventanas/Modificar.java</file>
            <file>file:/A:/Documentos/NetBeansProjects/Proyecto8/src/Ventanas/ConsultaAvanzada.java</file>
            <file>file:/A:/Documentos/NetBeansProjects/Proyecto8/src/Ventanas/ConsultaNormal.java</file>
            <file>file:/A:/Documentos/NetBeansProjects/Proyecto8/src/Ventanas/VentanaPrincipal.java</file>
        </group>
    </open-files>
</project-private>
