<?xml version="1.0" encoding="UTF-8"?>
<project-private xmlns="http://www.netbeans.org/ns/project-private/1">
    <editor-bookmarks xmlns="http://www.netbeans.org/ns/editor-bookmarks/2" lastBookmarkId="0"/>
    <open-files xmlns="http://www.netbeans.org/ns/projectui-open-files/2">
        <group>
            <file>file:/E:/Documentos/NetBeansProjects/RSA/src/rsa/clientetcp.java</file>
            <file>file:/E:/Documentos/NetBeansProjects/RSA/src/rsa/RSA.java</file>
            <file>file:/E:/Documentos/NetBeansProjects/RSA/src/rsa/servidortcp.java</file>
            <file>file:/E:/Documentos/NetBeansProjects/RSA/src/rsa/CdoRSA.java</file>
        </group>
    </open-files>
</project-private>
